<?xml version="1.0" encoding="UTF-8"?>
<project-private xmlns="http://www.netbeans.org/ns/project-private/1">
    <editor-bookmarks xmlns="http://www.netbeans.org/ns/editor-bookmarks/2" lastBookmarkId="0"/>
    <open-files xmlns="http://www.netbeans.org/ns/projectui-open-files/2">
        <group>
            <file>file:/C:/Users/tuan/Documents/GitHub/SEP490_G16_OPM/SEP490_G16_OPM/src/java/controller/ProcessApplication.java</file>
            <file>file:/C:/Users/tuan/Documents/GitHub/SEP490_G16_OPM/SEP490_G16_OPM/web/pigsofferdetails.jsp</file>
            <file>file:/C:/Users/tuan/Documents/GitHub/SEP490_G16_OPM/SEP490_G16_OPM/web/staffviewapplication.jsp</file>
            <file>file:/C:/Users/tuan/Documents/GitHub/SEP490_G16_OPM/SEP490_G16_OPM/src/java/dao/CategoryDAO.java</file>
            <file>file:/C:/Users/tuan/Documents/GitHub/SEP490_G16_OPM/SEP490_G16_OPM/src/java/controller/CreateApplication.java</file>
            <file>file:/C:/Users/tuan/Documents/GitHub/SEP490_G16_OPM/SEP490_G16_OPM/src/java/controller/HomePageController.java</file>
            <file>file:/C:/Users/tuan/Documents/GitHub/SEP490_G16_OPM/SEP490_G16_OPM/src/java/controller/CategoryController.java</file>
        </group>
    </open-files>
</project-private>
